product_code,product_description
BMPL0200,BUTTER MILK 200 ML
BMPLBULK,BUTTER MILK BULK
BUSA0010,SALT BUTTER 10GM(BL FAMILY PK)
BUSA0100,SALT BUTTER 100 GMS
BUSA0500,SALTED BUTTER 500GMS
BUSABULK,SALTED BUTTER BULK
BUSB0008,SALT BUTTER 08 GMS BLISTER FAMILY PACK
BUSB0010,SALT BUTTER 10GMS BLISTER PK
BUST0400,SALT BUTTER 400GRM-TIN
BUUS0200,UNSALTED BUTTER 200GMS
BUUS0500,UNSALTED BUTTER 500GMS
BUUS25KG,UNSALTED BUTTER 25 KG
BUUSBULK,UNSALTED BUTTER BULK
CHCB20KG,CHEDDAR CHEESE BLOCK 20 KG
CHCCBULK,CHEDDAR CHEESE BULK
CHMB0200,MOZARELLA CHEESE BLOCK 200 GM
CHMB1000,MOZARELLA CHEESE BLOCK 1000 GM
CHMD0200,MOZZARELLA CHEESE DICED 200 GM
CHMD1000,MOZZARELLA CHEESE DICED 1000 GM
CHMD2000,MOZZARELLA CHEESE DICED 2000 GM
CHML0200,MOZZARELLA CHEESE BLEND 200 GM
CHML1000,MOZZARELLA CHEESE BLEND 1000 GM
CHML2000,MOZZARELLA CHEESE BLEND 2000 GM
CHMS0200,MOZARELLA CHEESE SHRD 200GM
CHMS1000,MOZARELLA CHEESE SHRD 1000GM
CHMS2000,MOZARELLA CHEESE SHRD 2000GM
CHPB0200,PROCESSED CHEESE BLOCK 200 GM
CHPB0500,PROCESSED CHEESE BLOCK 500 GM
CHPB1000,PROCESSED CHEESE BLOCK 1000 GM
CHPC0200,PROCESSED CHEESE CUBES 200 GM
CHPC0500,PROCESSED CHEESE CUBES 500 GM
CHPC1000,PROCESSED CHEESE CUBES 1000 GM
CHPD0200,PROCESSED CHEESE SPREAD 200 GM
CHPK10KG,PROCESSED CHEESE BULK 10 KG
CHPK20KG,PROCESSED CHEESE BULK 20 KG
CHPK5000,PROCESSED CHEESE BULK 5 KG
CHPS0100,PROCESSED CHEESE SLICES 100GM
CHPS0200,PROCESSED CHEESE SLICES 200GM
CHPS0750,PROCESSED CHEESE SLICES 750 GM
CRAM0000,CREAM
CUBU1000,BUCKET CURD 1 KG
CUBU10KG,BUCKET CURD 10 KG
CUBU5000,BUCKET CURD 5 KG
CUKA0140,CURD 140 GM
CUKA0200,CURD 200 GMS
CUKA0500,CURD 500 GMS
CUKA1000,CURD 1000 GRAMS
CUKA6000,CURD 6000 GRAMS
CUKABULK,CURD BULK
CUTN0200,CURD 200 GMS TN
CUTN0250,CURD 250 GMS TN
CUTN0500,CURD 500 GMS TN
CUTN1000,CURD 1000 GMS TN
FMBUBULK,FLAVOUR MILK BULK
FMPL0200,FLAVOUR MILK 200 ML
GH00BULK,GHEE BULK
GHCS0500,GHEE 500 ML MPCS
GHCS1000,GHEE 1000 ML MPCS
GHDJ0200,DESI GHEE 200 ML JAR..
GHDJ0500,DESI GHEE 500 ML JAR..
GHJR0200,GHEE 200 ML JAR BMD
GHJR0500,GHEE 500 ML JAR BMD
GHJR1000,GHEE 1000 ML JAR BMD
GHJR5000,GHEE 5000 ML JAR BMD
GHPK0200,GHEE 200 ML
GHPK0500,GHEE 500 ML
GHPK1000,GHEE 1000 ML
GHRSBULK,GHEE RESIDUE
GHTN15KG,GHEE TIN 15 KGS
KHOV0200,KHOVA200
KHOV1000,KHOVA1000
MIFC0200,FULL CREAM MILK 200 ML TN
MIFC0500,FULL CREAM MILK 500 ML TN
MIFC1000,FULL CREAM MILK 1000 ML TN
MIHC0160,HOMOGENISED MILK 160 ML
MIHC0500,HOMOGENISED-COW MILK-500ML
MIHCBULK,HOMOGENISED-COW MILK-BULK
MILPBULK,LEAKY POUCH MILK
MINK0200,NANDINI SPL MILK 200ML
MINK0500,NANDINI SPL MILK 500ML
MINK1000,NANDINI SPL 1000ML
MINKBULK,NANDINI SPL MILK-BULK
MINT0250,N SPECIAL TONED MILK 250 ML TN
MINT0500,N SPECIAL TONED MILK 500 ML TN
MINT1000,N SPECIAL TONED MILK 1000 ML TN
MIPLBULK,PASTEURIZED MILK FOR LAB
MIPMBULK,PASTEURIZED MILK
MIPPBULK,PASTEURIZED MILK PRODUCT BLOCK
MIRMBULK,RAW MILK
MIRNBULK,RINSED MILK
MISA1000,SHUBHAM-1000 ML MILITARY
MISBBULK,SWEETENED BUTTER MILK
MISD0500,SAMRUDDI MILK 500 ML
MISH0200,SHUBHAM-200 ML
MISH0500,SHUBHAM-500 ML
MISH1000,SHUBHAM-1000 ML
MISHBULK,SHUBHAM MILK-BULK
MISMBULK,SKIMMED MILK
MIST0500,STANDARDISED MILK 500 ML TN
MIST1000,STANDARDISED MILK 1000 ML TN
MIST6000,STANDARDISED MILK 6000 ML TN
MITC0250,PAST.TONED MILK 250ML-CHN
MITC0500,PAST.TONED MILK 500ML-CHN
MITC1000,PAST.TONED MILK 1000ML-CHN
MITK0200,PAST.TONED MILK 200ML
MITK0500,PAST.TONED MILK 500ML
MITK1000,PAST.TONED MILK 1000ML
MITK6000,PAST.TONED MILK 6000ML
MITKBULK,PAST.TONED MILK-BULK
MP000100,MYSORE PAK 100GM
MP000250,MYSORE PAK 250 GMS
MP000500,MYSORE PAK 500 GMS
MP250500,MYSORE PAK 25 GMS (1/2 KG)
MP251000,MYSORE PAK 25 GMS
MPSP0025,MYSORE PAK 25 GMS SINGLE PIECE
NMAB0200,AYURVEDIC ASSORTED BOTTLE 200 ML
NMAD0200,RAS KADAM 200 GM
NMAD0250,BESIN LADDU 250 GM
NMAF0200,ASSORTED BOTTLE FM 200 ML
NMAG0200,ASHWAGANDHA BOTTLE FM 200 ML
NMAL0100,BADAM HALWA 100 GMS
NMAM0018,GOOD LIFE ALMOND MILK CHOCO 18 GM
NMAN0250,KARA DANTU 250 GM
NMAS0500,20 TYPES OF ASSORTED SWEETS 500 GMS
NMAS1000,SPECIAL ASSORTED SWEETS 1KG
NMAT0200,KAJU KATLI 200 GM
NMBA0200,PET BOTTLE GOOD LIFE BANANA 200
NMBB0200,BADAM BOTTLE FM 200 ML
NMBD0000,CHOCOLATE GIFT BOX DUPLEX BOARD
NMBD0200,BADAM POWER 200 GM
NMBD0250,KHOVA BADAM ROLL 250 GM
NMBD0500,BADAM POWER 500 GM
NMBF0200,DRY FRUIT BURFI 200 GM
NMBF0250,DRY FRUIT BURFI 250 GM
NMBH0100,YOGURT BANNA HONEY 100 ML
NMBI0014,CARAMEL BITE 14GM
NMBI0019,CREAMY BITE 19 GM
NMBI1000,GHEE BIB 1 LTR
NMBL0100,YOGURT BLUEBERRY 100 ML
NMBL0200,BESIN LADDU 200 GM
NMBM0180,PET BOTTLE GOOD LIFE BUTTER MILK 180
NMBM0200,TETRA BUTTER MILK 200 ML
NMBO0200,BANANA BOTTLE 200 ML
NMBP0200,BADAM PET BOTTLE FM 200 ML
NMBS0100,SHRIKHAND BUTTER SCOTCH 100 GM
NMBS0200,PET BOTTLE GOOD LIFE BANANA MILK SHAKE200
NMBU0100,COOKIES BUTTER 100 GM
NMBZFR12,GL ENERGY BAR WITH ZESTY FRUITS 12 GM
NMBZFR22,GL ENERGY BAR WITH ZESTY FRUITS 22 GM
NMCA0200,CHEESE SPREAD CAPSICUM 200 GM
NMCB0180,RAGI CRUNCHY BITES 180 GM
NMCB0200,COCONUT BURFI 200 GM
NMCB0250,CHOCOLATE BURFI 250 GM
NMCC0011,CHIT CHAT CHOCOLATE 11 GM
NMCC0018,GL RISE CRISPIES MILK CHOCO 18GM
NMCC0080,GL RISE CRISPIES MILK CHOCO 80GM
NMCE0200,CHEESE SPREAD PLAIN 200 GM
NMCF0200,CLOVE BOTTLE FM 200 ML
NMCH0011,GOOD LIFE CHOCOLATE 11 GM
NMCH0018,GL CRISPY MILK CHOCO 18GM
NMCH0200,TETRA CHOCOLATE 200 ML
NMCH0250,CHAKKI LADU 250 GM
NMCK0100,CHOCO COOKIES 100 GM
NMCL0100,NANDINI ECLAIR 100 GMS POUCH OLD
NMCM0018,GOOD LIFE BLACK CURRANT MILK CHOCO 18 GM
NMCO0020,COOKIES COCONUT 20 GM
NMCO0100,COOKIES COCONUT 100 GM
NMCO0200,CHOCOLATE BURFI 200 GM
NMCO0250,COCONUT BURFI 250 GM
NMCP0200,CHOCOLATE PET BOTTLE 200 ML
NMCR0200,TETRA CREAM 200 ML
NMCR0250,KHOVA CASHEW ROLL 250 GM
NMCS0020,COOKIES COCONUT 20 GM SINGLE PIECE
NMCS0180,RAGI CRUNCHY SPICY 180 GM
NMCS0200,PET BOTTLE GOOD LIFE CHOCOLATE MILK SHAKE200
NMCU0200,SET CURD 200 GM
NMCU0400,SET CURD 400 GM
NMCW0250,CASHEW BURFI 250 GM
NMDA1000,DAIRY WHITENER 1KG
NMDB0450,IDLI DOSA BATTER 450 GM
NMDB0900,IDLI DOSA BATTER 900 GM
NMDC0012,GL RICH DELICIOUS CRAMEL12GM
NMDC0022,GL RICH DELICIOUS CRAMEL22 GM
NMDC0045,GL RICH DELICIOUS CRAMEL 45 GM
NMDP0250,DHARWAD PEDA 250 GM
NMDU0200,MILLET LADU 200 GM
NMDW0200,DAIRY WHITENER 200 GM
NMDW0500,DAIRY WHITENER 500 GM
NMDW1000,DAIRY WHITENER 10 KG JAR
NMEBWN12,GL ENERGY BAR WITH WHOLESOME NUTS 12GM
NMEBWN22,GL ENERGY BAR WITH WHOLESOME NUTS 22GM
NMED0200,KESAR PEDA 200 GM
NMED0250,KESAR PEDA 250 GM
NMEL0100,SHRIKHAND ELACHI 100 GMS
NMEL0150,SHRIKHAND ELACHI 150 GM
NMEL0200,SHRIKHAND ELACHI 200 GM
NMEL0400,SHRIKHAND ELACHI 400 GM
NMEL0600,SHRIKHAND ELACHI 600 GM
NMEM1000,CREAM 1 LITER.
NMEO1000,CREAM 1 LITER OLD
NMEP0200,ELAICHI PEDA 200 GM
NMET0019,TREATO 19 GM
NMFM0200,PET BOTTLE GOOD LIFE PISTA FM 200
NMFM0180,PET BOTTLE GOOD LIFE STRAWBERRY FM 180
NMSFM200,TETRA STRA BARRY FM 200 ML
NMGA0150,SHRIKHAND GAUVA 150 GM
NMGA0600,SHRIKHAND GAUVA 600 GM
NMGB0180,PET BOTTLE GOOD LIFE BADAM FM 180
NMGB0200,PET BOTTLE GOOD LIFE BADAM FM 200
NMGB0250,JAGGERY BURFI 250 GM
NMGH0200,GHEE LADU 200 GM
NMGL0200,BOUNCE CORBONATED DRINKS GINGER LEMON 200 ML
NMGM0200,GINGER BOTTLE FM 200 ML
NMGP0200,JAGGERY PEDA 200 GM
NMGU0200,ULLAS GULLA 200 GM
NMHE0200,CHEDDER CHEESE 200 GM
NMHM0200,PET BOTTLE GOOD LIFE HERBAL MILK FM 200
NMIT0025,NANDINI BITE 25 GM
NMIX0200,BASUNDI MIX 200 GM
NMJN0200,JAGGERY OATS &NUTS BURFI 200GM
NMJO0050,GHEE JAR 50 ML OLD
NMJO0100,GHEE JAR 100 ML OLD
NMJO0250,ECLAIRS JAR 250 PICES OLD ONE
NMJP0020,COOKIES JEERA AND PEPPER 20 GM
NMJP0100,COOKIES JEERA PEPPER 100 GM
NMJP0200,BOUNCE CORBONATED DRINKS JEERA PUDINA 200 ML
NMJR0050,GHEE JAR 50 ML
NMJR0100,GHEE JAR 100 ML
NMJR0200,GHEE 200 JAR
NMJR0250,ECLAIRS JAR 250 PCS
NMJR0500,GHEE 500 JAR
NMJR1000,GHEE JAR 1 LTR
NMJR5000,GHEE JAR 5 LTR
NMJT0500,SUGAR FREE JAMOON TIN 500 GM
NMKE0200,PET BOTTLE GOOD LIFE KESAR BADAM FM 200
NMKP0180,SIRI DANYA KARA PONGAL 180 GM
NMKP0200,KASHAYA PET BOTTLE 200 ML
NMLA0200,GREEN GRAM LADU 200 GM
NMLD0200,TETRA PAK LYCHEE WHEY DRINKS 200 ML
NMLD0250,GHEE LADU 250 GM
NMLI0014,CHOCO LICIOUS 14 GMS
NMLL0200,LADAGI LADU 200 GM
NMLM0200,LITCHI BOTTLE FM 200 ML
NMLO0100,BADAM HALWA 100 GM OLD
NMLP0200,PET BOTTLE GOOD LIFE STRAWBERRY FM 200
NMMA0150,SHRIKHAND MANGO 150 GM
NMMA0200,TETRA MANGO 200 ML
NMMA0400,SHRIKHAND MANGO 400 GM
NMMA0600,SHRIKHAND MANGO 600 GM
NMMB0200,SPECIAL MILK BURFI 200 GM
NMMC0018,GOOD LIFE ORANGE MILK CHOCO 18 GM
NMMC0036,GL RICH MILK CHOCO 36 GM
NMMC0038,GL DELISH MILK CHOCO 38GM
NMMC0050,GL DELISH MILK CHOCO 50 GM
NMMC0080,GL RICH MILK CHOCO 80 GM
NMMC0200,MILK SHAKE CHOCOLATE 200 ML
NMMD0200,TETRA PAK MANGO WHEY DRINKS 200 ML
NMMH0018,GL DELISH MILK CHOCO 18GM
NMMI0200,MILLET MALT MIX 200 GM
NMML0180,PET BOTTLE GOOD LIFE MANGO LASSI 180 ML
NMML0200,TETRA MANGO LASSI 200 ML
NMMM0200,MILK MILLET MALT MIX 200 GM
NMMN0200,PET BOTTLE GOOD LIFE MANGO LASSI 200 ML
NMMP0010,BADAM POWDER 10 GM
NMMP0050,SKIM MILK POWDER 50 GM
NMMP0100,SKIM MILK POWDER 100 GM
NMMP0200,SKIM MILK POWDER 200 GM
NMMP0500,SKIM MILK POWDER 500 GM
NMMP0001,SKIM MILK POWDER 1 KG
NMMS0180,PET BOTTLE GOOD LIFE VANILLA MILK SHAKE 180
NMMS0200,PET BOTTLE GOOD LIFE VANILLA MILK SHAKE200
NMMT0200,MOTI CHOOR LADU 200 GM
NMMV0200,MILK SHAKE VANILLA 200 ML
NMMX0200,JAMOON MIX 200 GM
NMNB0200,PEA NUT BURFI 200 GM
NMNC0012,PEA NUT CHIKKI 12 GM
NMNC0018,GL RAISING & NUTS MILK CHOCO 18 GM
NMNC0025,PEA NUT CHIKKI 25 GM
NMNC0036,GL RAISING & NUTS MILK CHOCO 36 GM
NMNC0038,GL RAISING & NUTS MILK CHOCO 38GM
NMNC0080,GL RAISING & NUTS MILK CHOCO 80 GM
NMNC0100,PEA NUT CHIKKI 100 GM
NMNN0200,BANANA PET BOTTLE 200 ML
NMNP0200,MANGO PET BOTTLE 200 ML
NMNR0200,KUNDA RETORT 200 GM
NMNR0250,KHOVA CHOCO NUTTY ROLL 250 GM
NMNR0400,KUNDA RETORT 400 GM
NMOD0200,TETRA PAK ORANGE WHEY DRINK 200 ML
NMOR0200,BOUNCE CORBONATED DRINKS ORANGE 200 ML
NMOV0200,KHOVA 200 GM
NMPA0150,SHRIKHAND PINEAPPLE 150 GM
NMPA0200,SIRI DANYA PAYASA 200 GM
NMPB0200,ROSE PET BOTTLE FM 200 ML
NMPE0200,SUGAR FREE PEDA 200 GM
NMPE0250,ELAICHI PEDA 250 GM
NMPF0200,PEPPER BOTTLE FM 200 ML
NMPG0180,PET BOTTLE GOOD LIFE KESAR BADAM FM 180
NMPG0200,PET BOTTLE GOOD LIFE BUTTER MILK 200
NMPL0200,TETRA PLAIN LASSI 200 ML
NMPM0180,PET BOTTLE GOOD LIFE CHOCOLATE MILK SHAKE 180
NMPM0200,PISTA BOTTLE FM 200 ML
NMPP0180,PET BOTTLE GOOD LIFE PISTA FM 180
NMPP0200,PISTA PET BOTTLE FM 200 ML
NMPPBAG1,SMP POLY POUCH 1 KG OF 20 KG BAG
NMPT0000,CHOCOLATE GIFT PACK TIN
NMPU0012,GHEE POUCH 12 ML
NMRB0000,WATER BULK
NMRB0200,TURMERIC BOTTLE 200 ML
NMRC0020,COOKIES RED CHILLI 20 GM
NMRC0100,COOKIES RED CHILLI 100 GM
NMRJ0500,RTE JAMOON RTE RASAGULLA TIN COMBO PACK
NMRM0200,ROSE BOTTLE FM 200 ML
NMRT0500,JAMOON RTE TIN 500 GM
NMSB0200,MILK SHAKE BUTTER SCOTCH 200 ML
NMSH0200,SHRIKHAND MANGO 200 GM
NMSK0020,MILK RUSK 20 GM
NMSK0075,MILK RUSK 75 GMS
NMSKO075,MILK RUSK 75 GM OLD
NMSL0180,PET BOTTLE GOOD LIFE SWEET LASSI 180
NMSL0200,PET BOTTLE GOOD LIFE SWEET LASSI 200
NMSM0100,SHRIKHAND MANGO 100 GMS
NMSM0200,MILK SHAKE MANGO 200 ML
NMSP0150,GHEE SOAN PAPDI 150 GM
NMSP0180,SIRI DANYA SWEET PONGAL 180 GM
NMSP0200,CHEESE SPREAD PEPPER 200 GM
NMSS0020,COOKIES SWEET AND SALT 20 GM
NMSS0100,COOKIES SWEET AND SALT 100 GM
NMST0100,YOGURT STRABERRY 100 ML
NMST0150,SHRIKHAND STRAWBERRY 150 GM
NMST0500,RASAGULLA TIN 500 GM
NMST1000,20 TYPES OF ASSORTED SWEETS 1000 GMS
NMSW0250,10 TYPES OF ASSORTED SWEETS 250 GMS
NMSW0500,10 TYPES OF ASSORTED SWEETS 500 GMS
NMSW1000,10 TYPES OF ASSORTED SWEETS 1000 GMS
NMTE0200,TETRA BADAM FM 200 ML
NMTM0200,TULASI BOTTLE FM 200 ML
NMTO0200,DAIRY WHITENER 200 GM OLD
NMTO0250,BELGAUM KUNDA TIN 250 GM OLD
NMTP0200,TETRA PISTA FM 200 ML
NMTR0014,DAIRY WHITENER 14 GM
NMTR0028,DAIRY WHITENER 28 GM
NMTR0200,WATER 200 ML
NMTR0250,AQUA WATER 250 ML
NMTR0500,AQUA WATER 500 ML
NMTR1000,AQUA WATER 1000 ML
NMTR2000,AQUA WATER 2000 ML
NMUF0200,BADAM BURFEE 200 GM
NMUF0250,BADAM BURFEE 250 GM
NMUT0250,BELGAUM KUNDA TIN 250 GM
NMVA0200,PET BOTTLE GOOD LIFE VANILLA 200
NMWT0500,ASSORTED SWEET 500 GM
NMWT1000,ASSORTED SWEET 1000 GM
NMXC0200,JAMOON MIX CARTON 200 GM
NMYM0100,YOGURT MANGO 100 ML
NMYS0200,PAYASA MIX 200 GM
PD000100,PEDA 100GMS
PD000250,PEDA 250 GMS
PD00BULK,PEDA BULK
PD250500,PEDA 25 GM 500 GM PACK
PD251000,PEDA 25 GMS
PDSP0025,PEDA 25 GMS SINGLE PIECE
PIAA0001,AMYLE ALCOHOL FOR MILK TESTING
PIAB0001,A.I. RECEIPT BOOK
PIAC0001,MOTHER BOARD ACCER(DUALCORE H81 EXPRESS)
PIAD0001,ADMISSION REGISTER.
PIAE0001,AUTOMATIC ELECTRONIC MILK TESTER
PIAF0001,L.D. AF X 100 OIL
PIAG0001,ACID BOTTLE GLASS.
PIAH0001,ALLU MILK CAN HANDLE
PIAH6100,BATTERY 6V/1AH
PIAH6101,BATTERY 6V/10AH
PIAI0001,ANIMAL INSEMINATION PAD
PIAL0001,ALU MILK CAN SPARE LID
PIAL1001,JERRY CAN 10LTR CAPACITY
PIAM0001,ADMISSION REGISTER
PIAN0001,ALU MILK CAN BOTTOM RING
PIAO0001,AT MAIZE FOUNDATION SEEDS
PIAP0001,ANIMAL TREATMENT PASS BOOK
PIAR0001,RD ASSEMBLY
PIAS0001,AT MAIZE BREEDER SEEDS
PIAT0001,AT MAIZE
PIAU0001,MILK ANALYZER WITH ULTRASONIC STIRER
PIAV0001,"PROCESSOR ACCER-VERITON H81,INTEL"
PIAW0001,ALLUMINIUM ALLOY MILK CAN WITH LIDS
PIAX0001,L.D. AX X 100 OIL
PIAY0001,AMYL ALCOHOL-250ML
PIAZ2001,EKOMILK MILK ANALYZER CLEANING SOLUTION- WEEKLY-200ML
PIBB0001,BLACK TAB(MOTOR)
PIBC0001,RS212 PC BOARD CANON
PIBMC001,STERBAC- BMC-DETERGENT & DISINFECTANTS CHEMICAL FOR BMC
PIBD0001,MOTHER BOARD DELL VOSTRO 270(H61 MERCURY
PIBMC001,BD PULLY
PIBE0001,BENZAN 100ML
PIBF0001,BF-SEMEN
PIBG0001,ALCOHOLE BOTTLE GLASS
PIBH0001,BRUSHES FOR BUTYROMETER
PIBI0001,BILFENFORTE1s
PIBL0001,BYE LAW BOOK NEW
PIBM0001,MOTHERBOARD MERCURY(915 MERCURY)
PIBN0001,BMC MILK TRANSPORT CONTRACTOR BILL PAD
PIBO0001,MOTHER BOARD(EWS)
PIBP0001,SAMPLE BOTTLE (PLASTIC)
PIBR0001,Cluster DCS Milk Receipt Book-BMC
PIBS0001,PCB (STIRRER SPARE)
PIBT0001,PUMP PIPE (BLACK TAB)
PIBT1001,DRILL BIT 1MM
PIBT6001,DRILL BIT 6MM
PIBU0001,PUSH BUTTON(ANALYSER)
PIBW0001,BUTTON SWITCH (STIRRER)
PIBY0001,BUTYROMETER
PIBZ0001,MULTIMEDIA KEY BOARD USB ZEBRONICS
PICA0001,VGA CABLE
PICB0001,USB DATA CABLE MUILY BYTE
PICC0001,NO RINSE CLEANING CHEMICAL (BMC)
PICC1001,TILT MEASURE 10CC
PICD0001,PRICE CHART FOR DIS_PLAY
PICDR001,COFS-29 (FODDER SEEDS)
PICE0001,LUCERNE.
PICF0001,CALF STARTER FEED
PICG0001,CALF GROWTH FEED
PICH0001,CENTERFUG MACHINE SET (ELE)
PICI0001,Contractor Bill pad (Milk Transport)
PICK0001,CASH BOOK
PICL0001,PP/PET STRAPPING CLIP
PICM0001,POWER CHORDS CPU TO MONITOR
PICN0001,CARRIAGE UNIT
PICN1001,10LTR LN2 Containers
PICO0001,FODDER COWPEA
PICP0001,UP FUSE CARRIER FOR AC POWER
PICR0001,CASH CREDIT BILL BOOK
PICS0001,MVR WING CASE SHEET PAD
PICT0001,EXTERNAL PCI I/O CARD TAG
PICU0001,CHAFFCUTTER 2HP
PICV0001,C-MOS BATTERY 1VOLTS
PICW0001,CLEANING/SANITIZER POWDER
PICW2001,CLEANING SOLUTION 200ML-WEEKLY
PICZ0001,CLOZENT - 10ML
PIDA0001,DAIRY REGISTER
PIDB0001,AI DETAILS BOOK(GIS)
PIDC0001,MPCS TERM DEPOSIT CERTIFICATE WITH COVER
PIDE0001,DATA CABLE 21 PIN
PIDH0001,DATA CABLE MBOARD TO HDD
PIDI0001,HARD DISK
PIDK0001,DISPLAY WITH KEY SHEET PAD LACTOSCAN
PIDL0001,ADOPTER (LACTOSCAN)
PIDM0001,ADOPTOR(MASTER CLASSIC)
PIDN0001,DELIVERY NOTE BOOK
PIDP0001,SONY VPL-EX110 DATA LCD PROJECTOR
PIDR0001,DROPPING BOTTLE PLASTIC.
PIDS0001,HARD DISK 160GB SEAGATE
PIDU0001,"80 GSM, 1/2 DUMMY MAPLITHO"
PIDV0001,"SMPS DELL VOSTRO270, FRONTECH"
PIDZ0001,DISPLAY (M.ANALYSER)
PIEB0001,EVM BOOKS
PIEC0001,Emergency Case Sheet Pad(GIS)
PIED2001,ESSAE MILK ANALYZER CLEANING SOLUTION- DAILY-200ML
PIEG5001,HARDDISK SEAGATE 500GB
PIEL0001,ELECTRONIC MILK TESTER
PIEM0001,AUTOMATIC MILK COLLECTION UNIT WITH EMAT
PIEM2001,EKOMILK MILK ANALYZER CLEANING SOLUTION- DAILY-200ML
PIEN0001,USE AND THROUG PEN BLUE COLOUR NATARAJ
PIEP0001,ALLU REGULATING PIN
PIES0001,KEY SHEET (ESSAE)
PIET0001,EU BOND/DPS/MB:TRANSFORMER
PIEU0001,EU MB/PRO KEYPAD
PIEV0001,EMERGENCY COUPAN BOOK RS 10/-
PIEW2001,ESSAE MILK ANALYZER CLEANING SOLUTION- WEEKLY-200ML
PIFA0001,FAT PAST SOLUTION 100ML
PIFA1001,AUTO EMT (FATOMATIC) FATFAST SOLUTION-100ML
PIFB0001,FOAM BOARD
PIFC0001,PROCESSOR FAN COMPATIBLE WITH MBOARD
PIFI0001,FIRST AID REGISTER.
PIFM0001,FILTER BAGS FOR BMC BALANCE TANKS
PIFO0001,FODDER REGISTER.
PIFP0001,FAT PLUS 1KG
PIFR0001,IFU PART#EXG-60058117-REFURBISHMENT
PIFS0001,CATTLE FEED STOCK BOOK-DCS.
PIFU0001,REFURBISH IFU
PIFW0001,SMPS FRONTECH 100 WATTS/150WATTS
PIGA0001,ELECTRICAL GERBER WITH ACCESSORIES
PIGB0001,FOOD GRADE GUNNY BAGS
PIGC0001,DESCALING SOLUTION MILKOSCREEN
PIGE0001,GENERAL LEDGER
PIGI0001,AM & SC Register
PIGL0001,GENERAL LEDGER.
PIGN0001,A.I. GUN.
PIGR0001,KEY SHEET GRACE
PIGS0001,GOUDHARA SHAKTHI 
PIHA0001,LOWER HOUSING ASSEMBLY
PIHC0001,UPPER HEAD CABLE
PIHE0001,KEY SHEET CANON
PIHF0001,HF-SEMEN
PIHL0001,HDPE LACTOMETER CYLINDER PLASTIC
PIHM0001,"HARDDISK HPPRO1110,MICROTOWER,SEGAT(SATA"
PIHO0001,ALCOHOLE BOTTLE PLASTIC
PIHP0001,"PROCESSOR HP PRO1110MICROTOWER,INTEL"
PIHS0001,HF*SH-SEMEN
PIIC0001,ANIMAL INSEMINATION CRATE
PIID0001,PROCESSOR INTEL DUAL CORE
PIIG0001,MILK PIPPET GLASS1
PIIN0001,"PROCESSOR, INTEL I1"
PIIX0001,MINERAL MIXTURE(Chelated)
PIJE0201,JERRY CAN 2 LTR CAPACITY
PIJR0001,JR-SEMEN
PIJY0001,JY-SEMEN
PIKD0001,KSHEERA DISPLAY WITH KEY SHEET PAD
PIKE0001,DELL MULTIMEDIA KEYBOARD KB216
PIKH0001,KANNADA EVP HANDBOOK TITLED
PIKK0001,MPCS MILK ADULTRATION KIT SMALL
PIKP0001,LM2 KEY PAD (KEY SHEET PAD)
PIKS0001,SWITCH (KSHEERA)
PILA0001,SWITCH (LACTOSCAN)
PILB0001,PRINTER LOGIC BOARD
PILC0001,LOAD CELL 100KG SS
PILD0001,LD POWDER (EDTA POWDER) (1 IN 1)
PILD1001,LACTO DAILY POWDER 100GM
PILE0001,SAMPLE BOTTLE (PLASTIC).
PILG0001,MONITOR LG 18.5FT
PILO0001,MVR LOG BOOK
PILP0001,LACTO DAILY POWDER
PILW0001,MPCS BYE-LAW BOOK NEW
PILW1001,LACTO WEEKLY POWDER 100GM
PILZ0001,MOTOR (M.ANALYSER) LACTOSCAN
PIMA0001,RIBBON MASK
PIMA1001,MILKING MACHINE WITH 1HP MOTOR & ACCESSOR
PIMA1101,MILKING MACHINE WITH 1/1 MOTOR & ACCESSOR.
PIMB0001,SENSOR (MASTER CLASSIC BRAND)
PIMC0001,MOTHER BOARD FOR MASTER CLASSIC BRANDS
PIMD0001,OPTICAL MOUSE DELL
PIME0001,TILT MEASUR 1CC
PIFT0001,MPCS AGREEMENT FORMAT PAD.
PIPO0001,OPICAL MOUSE FRONTECH
PIMF0001,"SMPS HPPRO1110,MICROTOWER,FRONTECH"
PIMG0001,Margine Money Book
PIMI0001,MEMORY/RAM HP PRO1110 MICROTOWER (2GB)
PIMK0001,KEY SHEET (MASTER CLASSIC)
PIML0001,MILK CAN CLEANING SOLUTION -KG-STERBAC-
PIMU0001,EU MEASURING MUG
PIMM0001,MARGINE MONEY BOOK.
PIMN0001,A.I. FRENCH MINI GUN
PIOU0001,OPTICAL MOUSE
PIMO0001,PF MOTOR
PIMY0001,EU MB PLATE FOR SYRINGE
PIMW0001,Milk Pass Book with Cover
PISC0002,SCALE MAIN PCB (ESSAE)
PIMS0001,CENTERFUG MACHINE SET(MANUAL)
PIMS1500,MAH-11-5 MAIZE SEEDS
PIMR0001,LACTOMETER.
PIMT0001,THERMOMETER-(MERCURY)
PIMV0001,MVR COUPAN BOOK RS 5/-
PIMX0001,Member Register.
PINC0001,DELIVERY NOTE BOOK CATTLE FEED
PINE0001,SUPER NEPIER
PING0001,ALLU MILK PLUNGER
PINI0001,Liquid Nitrogen-LN2
PINR0001,ANIMAL REGISTRATION PAD
PINS1001,NUTRI SAC - 100GM
PINT0001,PROCESSOR INTEL P1
PINU0001,NUGGE SEED
PIOD0001,Memebership application form pad
PIOL0001,OIL PAD
PIOP0001,KNOB (PRINTER)
PIOR0001,EU DPS/MB/PRO:BUNG RUBBER WITH O RING
PIOT0001,THERMOMETER
PIOX0001,OXFEN VET 1'S- 150MG
PIPE0001,CONTROL PANEL
PIPN0001,DEHORNING PASTE 10Z
PIDW0001,DEWORMING PASTE 
PIPY0001,PAYMENT REGISTER.
PIPB0001,CALF REARING PROGRAMME BOOKLET
PIPA0001,MAIN POWER CORD
PIMP0001,MEASURING PCB COMPLETE(M.BOARD)
PISM0002,SCALE MAIN PCB (CANON)
PIPC0001,UP ETU50/PE50 LED WITH CABLE+CONNECTOR
PIPD0001,EU PRO LCD DISPLAY
PIPD2001,PROMPT MILK ANALYZER CLEANING SOLUTION DAILY-200ML
PIPG0001,MILK PIPPET GLASS.
PILP0002,LAMINATED PHOTOS
PIPH0001,SEAGATE 1TB PORTABLE EXTERNAL HARD DRIVE
PIPI0001,SPARE PIPES (M.ANALYSER SPARE)
PIPK0001,SPARE PARTS KIT
PIDR0002,DROPPING BOTTLE PLASTIC
PIPL0001,EU BELLOW PLASTICS
PIPM2001,PROMPT MILK ANALYZER CLEANING SOLUTION -MONTHLY-200ML
PIPP0001,BRUSHES FOR PIPETTE
PINR0002,NEW PRINTER LQ100+11
PIPR0001,PURCHASE REGISTER
PIPS0001,EU PIPE SILICON SMALL FOR PCB
PIEP0002,EU PLUNGER
PIMP0002,MOTOR PULLY(LACTOSCAN)
PIPU0001,PURCHASE-REGISTER
PIPV0001,"PROCESSOR DELL-VOSTRO270, INTEL"
PIRA0001,"MEMORY/RAM DELL COSTRO270, TRANSCEND 1GB"
PIRC0001,CONTRACTOR BILL PAD
PILR0001,LUCERNE
PIRE0001,MAIN TRANSFORMER (ESSAE)
PIRG0001,PF REDUCTION GEAR
PIRG1001,MEMORY/RAM TRANSCEND 1GB
PIRL0001,SENSOR FOR LACTOSCAN
PIRM0001,MILK PASS BOOK WITH COVER.
PIRO0001,PERISTALTIC PUMP ROTOR(MOTOR PULLY)
PIRP0001,ALLU REGULATING PIN.
PIRR0001,CARRIAGE MOTOR
PIRS0001,BRUSHES FOR SAMPLE BOTTLE
PIRT0001,CALF STARTER
PISK0002,SAAF KIT 200ML
PISF0002,SAMRUDHI FEED-01 KG
PISA0002,SOUTH AFRICAN TALL MAIZE
PISS0002,SS MILK SAMPLER
PISA0001,SULPHURIC ACID FOR MILK TESTING
PISB0001,SS MILK SAMPLE BOTTLE STAND
PIFC0002,FOOD SAFETY STANDARD CHARTS
PIPC0002,PP/PET STRAPPING TAPE CUTTER
PISP0002,SCRIBBLING PAD
PISC0001,UP:ETU 50 PB SWITCH CABLE CONNECTOR
PISC1001,EU SYRINGE 10ML COMPLETE
PISD0001,CSH 11 MF SEEDS
PISE0001,KSHEERA SENSOR
PISF0001,SS FILTER
PISG0001,BONUS REGISTER.
PISR0002,SHARE REGISTER
PISH0001,SH-SEMEN
PISHE0001,AI SHEETHS
PISJ0001,PP/PET/PVC TAPE ROLL WITH MPCS NAME AND CODE NO
PISJS001,PP/PET STRAPPING JAW SEALER
PISK0001,SAAF KIT WITH SPARY 200ML
PISL0001,SULPHURIC ACID .
PISL1001,S.S.MILK CAN. WITH LID 10 LTR CAPACITY
PIPS0002,PRINTER SMPS
PISE0002,SCALE SMPS (ESSAE)
PISM0001,SS MILK MEASURING SET
PISN0001,CLEANING SOLUTION
PISO0001,CLEANING SOLUTION MILKOSCREEN - 60055871
PIEB0002,EU PIPE SILICON BIG FOR PCB
PIES0002,EU PIPE SILICON BIG FOR PUMP
PINP0001,NON SHAKING STAND PLASTIC
PIPP0002,PIPETTE STAND PLASTIC
PIPL0002,SHAKING STAND PLASTIC
PISP0001,SS MILK PLUNGER
PIPR0002,PP/PET STAPPING ROLL
PISR0001,SHARE RECEIPT BOOK
PISS0001,S.S. MILK STAINER SET NDP
PILS0001,LOCK STOPPER
PIPI0002,PIPETTE STAND PLASTIC.
PIPR0003,PP/PET STAPPING PVC ROLL TAPE
PIST0002,SS MILK COLLECTION TRAY
PIST0003,SS MILK STAINER SET
PIST0001,STOCK REGISTER
PIST1001,STOCK BOOK 100 PAGS
PISU0001,EU FUSE AC POWER-1A
PISV0001,MILKANALIZER WITH ULTRASONIC STIR VIBRAT
PIEU0002,EU SWITCH ON/OFF AC MAIN
PINW0001,NON SHAKING STAND WOODEN
PINW0002,NON SHAKING STAND WOODEN.
PISW0001,SHAKING STAND WOODEN
PISY0001,MEASURING SENSOR YELLOW
PITB0001,MILK ADULTERATION TEST KIT (BMC)
PITE0001,TEST-REGISTER
PITF0001,CENTERFUG MACHINE SET ELECTRICAL(GERBER)
PITI0001,UP ETU50 PCB TIMER/FREG/LED ETC
PIMD0002,MILK ADULTERATION TEST KIT
PITK0001,MOTOR (KSHEERA)
PITL0001,UP ETU 50:PCB MAIN
PITM0001,DIGITAL HARDNESS TESTING METER
PITN0001,UP ETU50 TRANSFORMER
PIMT0002,MAIN TRANSFORMER (CANON)
PIMT0003,"MEMORY/RAM ACER-CERITON H81,TRANSCEND2GB"
PIML0002,MOTHER BOARD FOR LACTOSCAN
PITR0001,UP ETU50/PE50 PROBLE.BASERING+TOP CAP(RR
PITR0002,TEST REGISTER
PITS0001,TRUCK SHEET PAD.
PITW0001,MOTHERBOARD HP PRO1110 MICROTOWER(H61M)
PIUA0001,AUTOMATIC MILK COLLECTION UNIT WITH MILK ANALYZER
PIUC0001,MILK ANALYSER USE CHARTS
PIUC2001,UNIVERSAL CLEANING SOLUTION 200ML WEEKLY
PIUD2001,CLEANING SOLUTION 200ML UNIVERSAL-DAILY
PIUN0001,TRACTOR UNIT
PIVB0001,VELVET BEANS (Foundation Seeds)
PIVO0001,VOUCHER BOOK
PIVR0001,"SMPS ACCER-VERITON H81, FRONTECH"
PIVS0001,EMERGENCY VISIT CASE SHEET PAD
PIWA0001,ELE. WEIGHING SCALE WITH ACCESSPRIES- P&I DCS
PIWE0001,LOCTO WEEKLY
PIWL0001,DVD WRITER LG
PIWM0001,COW MAT
PIWS0001,ELECTRONIC WEIGHINGSCALE(WALLMOUNT DISP)
PIXF0001,OXFENVET 2200MG
PN000200,PANNER 200 GMS
PN000500,PANNER 500 GMS
PN001000,PANEER 1 KG
PN00BULK,PANNER BULK
PNMF0200,MEDIUM FAT PANEER 200 GM
SLLA0200,SWEET LASSI 200ML
SLLABULK,SWEET LASSI BULK
SP00001,SKIM MILK POWDER 1 KG
SP0025KG,SKIMMED MILK POWDER 25 KG BAG
SPSW25KG,SKIMMED MILK PODER SWEEP 25 KG
UHHC0160,HEALTHY LIFE LITE 160 ML in CRATE
UHHC0450,HEALTHY LIFE LITE 450 ML in CRATE
UHTC0160,TRUPTI MILK 160 ML in CRATE
UHTC0450,TRUPTI MILK 450 ML in CRATE
UHVVBULK,VIJAYA VAJRA MILK - BULK
UMHL0160,HEALTHY LIFE LITE 160 ML
UMHL0450,HEALTHY LIFE LITE 450 ML
UMTP0160,TRUPTI MILK 160 ML
UMTP0180,TRUPTI180
UMTP0450,TRUPTI MILK 450 ML
UMTP0500,TRUPTI MILK 500 ML
UMVV0180,VIJAYA VAJRA 180 ML
UMVV0500,VIJAYA VAJRA 500ML
WHEY25KG,WHEY POWDER 25 KG
WP000500,WHOLE MILK POWDER 500 GM
WP001000,WHOLE MILK POWDER 1000 GM
WP0025KG,WHOLE MILK POWDER 25 KG BAG
WPSWBULK,SWEEP POWDER WMP
